model,arm,dom,state,scenario,year,agc_TgC_point,pred_cv,agc_TgC_lo,agc_TgC_hi
FVS,fvs_conus_speciesdep,1,AL,reserve,2025,558.05,0.121656669047792,446.37,669.73
FVS,fvs_conus_speciesdep,1,AL,reserve,2050,768.352,0.124300432586062,611.244,925.46
FVS,fvs_conus_speciesdep,1,AL,reserve,2075,902.348,0.124171363361953,718.033,1086.663
FVS,fvs_conus_speciesdep,1,AL,reserve,2100,856.313,0.123519050043575,682.32,1030.306
FVS,fvs_conus_speciesdep,5,AR,reserve,2025,464.86,0.121656669047792,371.83,557.89
FVS,fvs_conus_speciesdep,5,AR,reserve,2050,713.929,0.124300432586062,567.949,859.909
FVS,fvs_conus_speciesdep,5,AR,reserve,2075,874.086,0.124171363361953,695.544,1052.628
FVS,fvs_conus_speciesdep,5,AR,reserve,2100,890.063,0.123519050043575,709.212,1070.914
FVS,fvs_conus_speciesdep,4,AZ,reserve,2025,135.23,0.121656669047792,108.167,162.293
FVS,fvs_conus_speciesdep,4,AZ,reserve,2050,234.298,0.124300432586062,186.39,282.206
FVS,fvs_conus_speciesdep,4,AZ,reserve,2075,328.042,0.124171363361953,261.036,395.048
FVS,fvs_conus_speciesdep,4,AZ,reserve,2100,291.04,0.123519050043575,231.904,350.176
FVS,fvs_conus_speciesdep,6,CA,reserve,2025,1002.65,0.121656669047792,801.994,1203.306
FVS,fvs_conus_speciesdep,6,CA,reserve,2050,2268.028,0.124300432586062,1804.275,2731.781
FVS,fvs_conus_speciesdep,6,CA,reserve,2075,3381.756,0.124171363361953,2690.992,4072.52
FVS,fvs_conus_speciesdep,6,CA,reserve,2100,4249.92,0.123519050043575,3386.384,5113.456
FVS,fvs_conus_speciesdep,8,CO,reserve,2025,271.63,0.121656669047792,217.27,325.99
FVS,fvs_conus_speciesdep,8,CO,reserve,2050,533.173,0.124300432586062,424.153,642.193
FVS,fvs_conus_speciesdep,8,CO,reserve,2075,779.071,0.124171363361953,619.936,938.206
FVS,fvs_conus_speciesdep,8,CO,reserve,2100,956.909,0.123519050043575,762.476,1151.342
FVS,fvs_conus_speciesdep,9,CT,reserve,2025,64.47,0.121656669047792,51.568,77.372
FVS,fvs_conus_speciesdep,9,CT,reserve,2050,117.145,0.124300432586062,93.192,141.098
FVS,fvs_conus_speciesdep,9,CT,reserve,2075,155.242,0.124171363361953,123.532,186.952
FVS,fvs_conus_speciesdep,9,CT,reserve,2100,180.425,0.123519050043575,143.765,217.085
FVS,fvs_conus_speciesdep,10,DE,reserve,2025,12.66,0.121656669047792,10.126,15.194
FVS,fvs_conus_speciesdep,10,DE,reserve,2050,17.767,0.124300432586062,14.134,21.4
FVS,fvs_conus_speciesdep,10,DE,reserve,2075,20.784,0.124171363361953,16.539,25.029
FVS,fvs_conus_speciesdep,10,DE,reserve,2100,19.817,0.123519050043575,15.79,23.844
FVS,fvs_conus_speciesdep,12,FL,reserve,2025,320.05,0.121656669047792,256,384.1
FVS,fvs_conus_speciesdep,12,FL,reserve,2050,468.129,0.124300432586062,372.409,563.849
FVS,fvs_conus_speciesdep,12,FL,reserve,2075,533.23,0.124171363361953,424.311,642.149
FVS,fvs_conus_speciesdep,12,FL,reserve,2100,527.11,0.123519050043575,420.007,634.213
FVS,fvs_conus_speciesdep,13,GA,reserve,2025,590.06,0.121656669047792,471.974,708.146
FVS,fvs_conus_speciesdep,13,GA,reserve,2050,841.353,0.124300432586062,669.318,1013.388
FVS,fvs_conus_speciesdep,13,GA,reserve,2075,954.138,0.124171363361953,759.244,1149.032
FVS,fvs_conus_speciesdep,13,GA,reserve,2100,998.493,0.123519050043575,795.61,1201.376
FVS,fvs_conus_speciesdep,19,IA,reserve,2025,72.67,0.121656669047792,58.127,87.213
FVS,fvs_conus_speciesdep,19,IA,reserve,2050,123.209,0.124300432586062,98.016,148.402
FVS,fvs_conus_speciesdep,19,IA,reserve,2075,158.52,0.124171363361953,126.14,190.9
FVS,fvs_conus_speciesdep,19,IA,reserve,2100,179.265,0.123519050043575,142.84,215.69
FVS,fvs_conus_speciesdep,16,ID,reserve,2025,417.43,0.121656669047792,333.892,500.968
FVS,fvs_conus_speciesdep,16,ID,reserve,2050,698.311,0.124300432586062,555.524,841.098
FVS,fvs_conus_speciesdep,16,ID,reserve,2075,953.329,0.124171363361953,758.6,1148.058
FVS,fvs_conus_speciesdep,16,ID,reserve,2100,1021.335,0.123519050043575,813.811,1228.859
FVS,fvs_conus_speciesdep,17,IL,reserve,2025,150.46,0.121656669047792,120.349,180.571
FVS,fvs_conus_speciesdep,17,IL,reserve,2050,218.989,0.124300432586062,174.211,263.767
FVS,fvs_conus_speciesdep,17,IL,reserve,2075,263.571,0.124171363361953,209.733,317.409
FVS,fvs_conus_speciesdep,17,IL,reserve,2100,274.159,0.123519050043575,218.453,329.865
FVS,fvs_conus_speciesdep,18,IN,reserve,2025,178.8,0.121656669047792,143.018,214.582
FVS,fvs_conus_speciesdep,18,IN,reserve,2050,271.361,0.124300432586062,215.875,326.847
FVS,fvs_conus_speciesdep,18,IN,reserve,2075,339.344,0.124171363361953,270.029,408.659
FVS,fvs_conus_speciesdep,18,IN,reserve,2100,358.838,0.123519050043575,285.926,431.75
FVS,fvs_conus_speciesdep,20,KS,reserve,2025,48.76,0.121656669047792,39.002,58.518
FVS,fvs_conus_speciesdep,20,KS,reserve,2050,70.732,0.124300432586062,56.269,85.195
FVS,fvs_conus_speciesdep,20,KS,reserve,2075,87.225,0.124171363361953,69.408,105.042
FVS,fvs_conus_speciesdep,20,KS,reserve,2100,89.765,0.123519050043575,71.526,108.004
FVS,fvs_conus_speciesdep,21,KY,reserve,2025,393.71,0.121656669047792,314.919,472.501
FVS,fvs_conus_speciesdep,21,KY,reserve,2050,729.276,0.124300432586062,580.158,878.394
FVS,fvs_conus_speciesdep,21,KY,reserve,2075,976.85,0.124171363361953,777.317,1176.383
FVS,fvs_conus_speciesdep,21,KY,reserve,2100,1120.163,0.123519050043575,892.558,1347.768
FVS,fvs_conus_speciesdep,22,LA,reserve,2025,339.71,0.121656669047792,271.725,407.695
FVS,fvs_conus_speciesdep,22,LA,reserve,2050,569.345,0.124300432586062,452.929,685.761
FVS,fvs_conus_speciesdep,22,LA,reserve,2075,698.985,0.124171363361953,556.209,841.761
FVS,fvs_conus_speciesdep,22,LA,reserve,2100,745.982,0.123519050043575,594.407,897.557
FVS,fvs_conus_speciesdep,25,MA,reserve,2025,112.19,0.121656669047792,89.738,134.642
FVS,fvs_conus_speciesdep,25,MA,reserve,2050,211.351,0.124300432586062,168.135,254.567
FVS,fvs_conus_speciesdep,25,MA,reserve,2075,280.668,0.124171363361953,223.338,337.998
FVS,fvs_conus_speciesdep,25,MA,reserve,2100,324.085,0.123519050043575,258.235,389.935
FVS,fvs_conus_speciesdep,24,MD,reserve,2025,96.25,0.121656669047792,76.988,115.512
FVS,fvs_conus_speciesdep,24,MD,reserve,2050,131.994,0.124300432586062,105.005,158.983
FVS,fvs_conus_speciesdep,24,MD,reserve,2075,154.862,0.124171363361953,123.23,186.494
FVS,fvs_conus_speciesdep,24,MD,reserve,2100,150.327,0.123519050043575,119.782,180.872
FVS,fvs_conus_speciesdep,23,ME,reserve,2025,374.02,0.121656669047792,299.169,448.871
FVS,fvs_conus_speciesdep,23,ME,reserve,2050,566.749,0.124300432586062,450.863,682.635
FVS,fvs_conus_speciesdep,23,ME,reserve,2075,705.209,0.124171363361953,561.162,849.256
FVS,fvs_conus_speciesdep,23,ME,reserve,2100,822.882,0.123519050043575,655.682,990.082
FVS,fvs_conus_speciesdep,26,MI,reserve,2025,512.45,0.121656669047792,409.896,615.004
FVS,fvs_conus_speciesdep,26,MI,reserve,2050,717.862,0.124300432586062,571.078,864.646
FVS,fvs_conus_speciesdep,26,MI,reserve,2075,864.922,0.124171363361953,688.251,1041.593
FVS,fvs_conus_speciesdep,26,MI,reserve,2100,902.329,0.123519050043575,718.986,1085.672
FVS,fvs_conus_speciesdep,27,MN,reserve,2025,308.78,0.121656669047792,246.985,370.575
FVS,fvs_conus_speciesdep,27,MN,reserve,2050,446.503,0.124300432586062,355.205,537.801
FVS,fvs_conus_speciesdep,27,MN,reserve,2075,537.177,0.124171363361953,427.452,646.902
FVS,fvs_conus_speciesdep,27,MN,reserve,2100,591.759,0.123519050043575,471.52,711.998
FVS,fvs_conus_speciesdep,29,MO,reserve,2025,401.36,0.121656669047792,321.038,481.682
FVS,fvs_conus_speciesdep,29,MO,reserve,2050,692.774,0.124300432586062,551.12,834.428
FVS,fvs_conus_speciesdep,29,MO,reserve,2075,905.914,0.124171363361953,720.87,1090.958
FVS,fvs_conus_speciesdep,29,MO,reserve,2100,1044.891,0.123519050043575,832.581,1257.201
FVS,fvs_conus_speciesdep,28,MS,reserve,2025,523.05,0.121656669047792,418.375,627.725
FVS,fvs_conus_speciesdep,28,MS,reserve,2050,1072.049,0.124300432586062,852.843,1291.255
FVS,fvs_conus_speciesdep,28,MS,reserve,2075,1439.352,0.124171363361953,1145.347,1733.357
FVS,fvs_conus_speciesdep,28,MS,reserve,2100,1651.315,0.123519050043575,1315.786,1986.844
FVS,fvs_conus_speciesdep,30,MT,reserve,2025,395.97,0.121656669047792,316.726,475.214
FVS,fvs_conus_speciesdep,30,MT,reserve,2050,697.035,0.124300432586062,554.509,839.561
FVS,fvs_conus_speciesdep,30,MT,reserve,2075,998.714,0.124171363361953,794.715,1202.713
FVS,fvs_conus_speciesdep,30,MT,reserve,2100,1262.242,0.123519050043575,1005.769,1518.715
FVS,fvs_conus_speciesdep,37,NC,reserve,2025,568.76,0.121656669047792,454.937,682.583
FVS,fvs_conus_speciesdep,37,NC,reserve,2050,830.396,0.124300432586062,660.601,1000.191
FVS,fvs_conus_speciesdep,37,NC,reserve,2075,1006.112,0.124171363361953,800.602,1211.622
FVS,fvs_conus_speciesdep,37,NC,reserve,2100,1056.952,0.123519050043575,842.191,1271.713
FVS,fvs_conus_speciesdep,38,ND,reserve,2025,10.39,0.121656669047792,8.311,12.469
FVS,fvs_conus_speciesdep,38,ND,reserve,2050,19.587,0.124300432586062,15.582,23.592
FVS,fvs_conus_speciesdep,38,ND,reserve,2075,29.594,0.124171363361953,23.549,35.639
FVS,fvs_conus_speciesdep,38,ND,reserve,2100,40.433,0.123519050043575,32.217,48.649
FVS,fvs_conus_speciesdep,31,NE,reserve,2025,22.4,0.121656669047792,17.917,26.883
FVS,fvs_conus_speciesdep,31,NE,reserve,2050,50.225,0.124300432586062,39.955,60.495
FVS,fvs_conus_speciesdep,31,NE,reserve,2075,71.503,0.124171363361953,56.898,86.108
FVS,fvs_conus_speciesdep,31,NE,reserve,2100,87.498,0.123519050043575,69.719,105.277
FVS,fvs_conus_speciesdep,33,NH,reserve,2025,153.16,0.121656669047792,122.509,183.811
FVS,fvs_conus_speciesdep,33,NH,reserve,2050,268.643,0.124300432586062,213.712,323.574
FVS,fvs_conus_speciesdep,33,NH,reserve,2075,352.993,0.124171363361953,280.89,425.096
FVS,fvs_conus_speciesdep,33,NH,reserve,2100,408.512,0.123519050043575,325.507,491.517
FVS,fvs_conus_speciesdep,34,NJ,reserve,2025,59.18,0.121656669047792,47.337,71.023
FVS,fvs_conus_speciesdep,34,NJ,reserve,2050,115.942,0.124300432586062,92.235,139.649
FVS,fvs_conus_speciesdep,34,NJ,reserve,2075,154.702,0.124171363361953,123.102,186.302
FVS,fvs_conus_speciesdep,34,NJ,reserve,2100,176.373,0.123519050043575,140.536,212.21
FVS,fvs_conus_speciesdep,35,NM,reserve,2025,160.7,0.121656669047792,128.54,192.86
FVS,fvs_conus_speciesdep,35,NM,reserve,2050,368.094,0.124300432586062,292.828,443.36
FVS,fvs_conus_speciesdep,35,NM,reserve,2075,588.732,0.124171363361953,468.476,708.988
FVS,fvs_conus_speciesdep,35,NM,reserve,2100,762.945,0.123519050043575,607.923,917.967
FVS,fvs_conus_speciesdep,32,NV,reserve,2025,54.14,0.121656669047792,43.305,64.975
FVS,fvs_conus_speciesdep,32,NV,reserve,2050,129.523,0.124300432586062,103.039,156.007
FVS,fvs_conus_speciesdep,32,NV,reserve,2075,205.114,0.124171363361953,163.217,247.011
FVS,fvs_conus_speciesdep,32,NV,reserve,2100,379.91,0.123519050043575,302.717,457.103
FVS,fvs_conus_speciesdep,36,NY,reserve,2025,592.43,0.121656669047792,473.87,710.99
FVS,fvs_conus_speciesdep,36,NY,reserve,2050,1056.957,0.124300432586062,840.837,1273.077
FVS,fvs_conus_speciesdep,36,NY,reserve,2075,1399.734,0.124171363361953,1113.822,1685.646
FVS,fvs_conus_speciesdep,36,NY,reserve,2100,1629.196,0.123519050043575,1298.162,1960.23
FVS,fvs_conus_speciesdep,39,OH,reserve,2025,250.86,0.121656669047792,200.657,301.063
FVS,fvs_conus_speciesdep,39,OH,reserve,2050,428.768,0.124300432586062,341.096,516.44
FVS,fvs_conus_speciesdep,39,OH,reserve,2075,549.461,0.124171363361953,437.227,661.695
FVS,fvs_conus_speciesdep,39,OH,reserve,2100,603.5,0.123519050043575,480.876,726.124
FVS,fvs_conus_speciesdep,40,OK,reserve,2025,177.51,0.121656669047792,141.986,213.034
FVS,fvs_conus_speciesdep,40,OK,reserve,2050,384.596,0.124300432586062,305.956,463.236
FVS,fvs_conus_speciesdep,40,OK,reserve,2075,523.528,0.124171363361953,416.591,630.465
FVS,fvs_conus_speciesdep,40,OK,reserve,2100,598.653,0.123519050043575,477.013,720.293
FVS,fvs_conus_speciesdep,41,OR,reserve,2025,1022.66,0.121656669047792,818,1227.32
FVS,fvs_conus_speciesdep,41,OR,reserve,2050,2313.613,0.124300432586062,1840.539,2786.687
FVS,fvs_conus_speciesdep,41,OR,reserve,2075,3366.172,0.124171363361953,2678.591,4053.753
FVS,fvs_conus_speciesdep,41,OR,reserve,2100,4093.683,0.123519050043575,3261.892,4925.474
FVS,fvs_conus_speciesdep,42,PA,reserve,2025,551.02,0.121656669047792,440.747,661.293
FVS,fvs_conus_speciesdep,42,PA,reserve,2050,857.249,0.124300432586062,681.964,1032.534
FVS,fvs_conus_speciesdep,42,PA,reserve,2075,1069.991,0.124171363361953,851.433,1288.549
FVS,fvs_conus_speciesdep,42,PA,reserve,2100,1168.354,0.123519050043575,930.958,1405.75
FVS,fvs_conus_speciesdep,44,RI,reserve,2025,12.75,0.121656669047792,10.198,15.302
FVS,fvs_conus_speciesdep,44,RI,reserve,2050,22.378,0.124300432586062,17.802,26.954
FVS,fvs_conus_speciesdep,44,RI,reserve,2075,28.544,0.124171363361953,22.714,34.374
FVS,fvs_conus_speciesdep,44,RI,reserve,2100,32.294,0.123519050043575,25.732,38.856
FVS,fvs_conus_speciesdep,45,SC,reserve,2025,325.11,0.121656669047792,260.047,390.173
FVS,fvs_conus_speciesdep,45,SC,reserve,2050,503.671,0.124300432586062,400.683,606.659
FVS,fvs_conus_speciesdep,45,SC,reserve,2075,609.744,0.124171363361953,485.197,734.291
FVS,fvs_conus_speciesdep,45,SC,reserve,2100,659.918,0.123519050043575,525.83,794.006
FVS,fvs_conus_speciesdep,46,SD,reserve,2025,22.21,0.121656669047792,17.765,26.655
FVS,fvs_conus_speciesdep,46,SD,reserve,2050,34.463,0.124300432586062,27.416,41.51
FVS,fvs_conus_speciesdep,46,SD,reserve,2075,44.755,0.124171363361953,35.613,53.897
FVS,fvs_conus_speciesdep,46,SD,reserve,2100,38.553,0.123519050043575,30.719,46.387
FVS,fvs_conus_speciesdep,47,TN,reserve,2025,461.09,0.121656669047792,368.814,553.366
FVS,fvs_conus_speciesdep,47,TN,reserve,2050,684.939,0.124300432586062,544.887,824.991
FVS,fvs_conus_speciesdep,47,TN,reserve,2075,841.215,0.124171363361953,669.387,1013.043
FVS,fvs_conus_speciesdep,47,TN,reserve,2100,827.644,0.123519050043575,659.476,995.812
FVS,fvs_conus_speciesdep,48,TX,reserve,2025,479.11,0.121656669047792,383.228,574.992
FVS,fvs_conus_speciesdep,48,TX,reserve,2050,694.523,0.124300432586062,552.511,836.535
FVS,fvs_conus_speciesdep,48,TX,reserve,2075,850.701,0.124171363361953,676.935,1024.467
FVS,fvs_conus_speciesdep,48,TX,reserve,2100,910.829,0.123519050043575,725.759,1095.899
FVS,fvs_conus_speciesdep,49,UT,reserve,2025,133.07,0.121656669047792,106.439,159.701
FVS,fvs_conus_speciesdep,49,UT,reserve,2050,222.657,0.124300432586062,177.129,268.185
FVS,fvs_conus_speciesdep,49,UT,reserve,2075,306.338,0.124171363361953,243.765,368.911
FVS,fvs_conus_speciesdep,49,UT,reserve,2100,433.321,0.123519050043575,345.275,521.367
FVS,fvs_conus_speciesdep,51,VA,reserve,2025,548.81,0.121656669047792,438.979,658.641
FVS,fvs_conus_speciesdep,51,VA,reserve,2050,729.647,0.124300432586062,580.453,878.841
FVS,fvs_conus_speciesdep,51,VA,reserve,2075,849.492,0.124171363361953,675.973,1023.011
FVS,fvs_conus_speciesdep,51,VA,reserve,2100,858.944,0.123519050043575,684.416,1033.472
FVS,fvs_conus_speciesdep,50,VT,reserve,2025,142.9,0.121656669047792,114.302,171.498
FVS,fvs_conus_speciesdep,50,VT,reserve,2050,249.873,0.124300432586062,198.78,300.966
FVS,fvs_conus_speciesdep,50,VT,reserve,2075,333.181,0.124171363361953,265.125,401.237
FVS,fvs_conus_speciesdep,50,VT,reserve,2100,392.484,0.123519050043575,312.736,472.232
FVS,fvs_conus_speciesdep,53,WA,reserve,2025,818.67,0.121656669047792,654.833,982.507
FVS,fvs_conus_speciesdep,53,WA,reserve,2050,1751.46,0.124300432586062,1393.332,2109.588
FVS,fvs_conus_speciesdep,53,WA,reserve,2075,2505.878,0.124171363361953,1994.023,3017.733
FVS,fvs_conus_speciesdep,53,WA,reserve,2100,3052.377,0.123519050043575,2432.168,3672.586
FVS,fvs_conus_speciesdep,55,WI,reserve,2025,396.22,0.121656669047792,316.926,475.514
FVS,fvs_conus_speciesdep,55,WI,reserve,2050,620.099,0.124300432586062,493.305,746.893
FVS,fvs_conus_speciesdep,55,WI,reserve,2075,774.59,0.124171363361953,616.371,932.809
FVS,fvs_conus_speciesdep,55,WI,reserve,2100,873.919,0.123519050043575,696.348,1051.49
FVS,fvs_conus_speciesdep,54,WV,reserve,2025,438.59,0.121656669047792,350.817,526.363
FVS,fvs_conus_speciesdep,54,WV,reserve,2050,748.612,0.124300432586062,595.54,901.684
FVS,fvs_conus_speciesdep,54,WV,reserve,2075,977.287,0.124171363361953,777.665,1176.909
FVS,fvs_conus_speciesdep,54,WV,reserve,2100,1129.323,0.123519050043575,899.857,1358.789
FVS,fvs_conus_speciesdep,56,WY,reserve,2025,131.59,0.121656669047792,105.256,157.924
FVS,fvs_conus_speciesdep,56,WY,reserve,2050,223.419,0.124300432586062,177.736,269.102
FVS,fvs_conus_speciesdep,56,WY,reserve,2075,301.2,0.124171363361953,239.676,362.724
FVS,fvs_conus_speciesdep,56,WY,reserve,2100,359.464,0.123519050043575,286.425,432.503
