iter,candidate,tag,negLL,ANPP_DF,ANPP_WH,ANPP_WC,ANPP_PSF,ANPP_GF,ANPP_NF,ANPP_SS,ANPP_ES,ANPP_AF,ANPP_WF,ANPP_LP,ANPP_PP,ANPP_WP,ANPP_WBP,ANPP_MH,ANPP_WL,ANPP_IC,ANPP_PY,ANPP_BM,ANPP_RA,ANPP_PM,ANPP_PB,ANPP_QA,ANPP_BCW,ANPP_GO,BMAX_DF,BMAX_WH,BMAX_WC,BMAX_PSF,BMAX_GF,BMAX_NF,BMAX_SS,BMAX_ES,BMAX_AF,BMAX_WF,BMAX_LP,BMAX_PP,BMAX_WP,BMAX_WBP,BMAX_MH,BMAX_WL,BMAX_IC,BMAX_PY,BMAX_BM,BMAX_RA,BMAX_PM,BMAX_PB,BMAX_QA,BMAX_BCW,BMAX_GO
0,0,wa_t2_v1_iter0_cand0,348.50,0.4513,0.5114,0.3996,0.5496,0.5555,0.4138,0.4473,0.4437,0.4780,0.5217,0.5100,0.5154,0.4828,0.4545,0.4394,0.5270,0.4447,0.5567,0.5293,0.5115,0.5260,0.4475,0.5257,0.5046,0.4023,0.4878,0.5043,0.6668,0.4627,0.3949,0.5026,0.4886,0.5999,0.4101,0.4117,0.4809,0.4799,0.6438,0.5823,0.4979,0.4976,0.4888,0.5383,0.4629,0.4219,0.5879,0.3644,0.4695,0.4667,0.5028
0,1,wa_t2_v1_iter0_cand1,348.52,0.3931,0.4137,0.4046,0.4761,0.5847,0.6187,0.4075,0.5970,0.4563,0.4658,0.4425,0.4918,0.4241,0.3903,0.5387,0.4741,0.6931,0.4809,0.4764,0.4324,0.4606,0.4492,0.6363,0.4426,0.5418,0.4209,0.5019,0.5639,0.4863,0.4746,0.6578,0.4522,0.4720,0.4612,0.5943,0.6271,0.5575,0.4754,0.5405,0.6001,0.5752,0.5560,0.5078,0.4250,0.5304,0.5265,0.4325,0.6089,0.3932,0.5851
0,2,wa_t2_v1_iter0_cand2,368.70,0.4563,0.4696,0.4431,0.4997,0.7759,0.6091,0.5312,0.5371,0.4681,0.5704,0.5811,0.5407,0.5262,0.4981,0.4280,0.5397,0.4309,0.4724,0.7145,0.4335,0.6341,0.5343,0.4678,0.5080,0.4535,0.5710,0.4985,0.3888,0.4563,0.4152,0.5128,0.4309,0.6062,0.4247,0.4758,0.5894,0.3823,0.4852,0.5112,0.4430,0.4982,0.6175,0.4590,0.4577,0.4631,0.5195,0.4759,0.4505,0.3333,0.4953
0,3,wa_t2_v1_iter0_cand3,434.90,0.5579,0.6131,0.4107,0.4754,0.5312,0.7540,0.4550,0.4154,0.4419,0.4095,0.6404,0.6376,0.5879,0.5090,0.4771,0.4832,0.5775,0.5059,0.4856,0.5432,0.4873,0.4665,0.5294,0.4429,0.6578,0.5000,0.5618,0.5106,0.5784,0.4205,0.4799,0.5870,0.5325,0.5079,0.5538,0.4324,0.5597,0.4547,0.5308,0.4071,0.5544,0.4340,0.5454,0.5593,0.4770,0.4870,0.4441,0.5375,0.4997,0.4560
0,4,wa_t2_v1_iter0_cand4,304.83,0.4057,0.5132,0.6475,0.4187,0.5378,0.4982,0.5661,0.5789,0.5570,0.5811,0.4376,0.4967,0.4338,0.5572,0.5295,0.5785,0.5902,0.4282,0.4347,0.5882,0.4160,0.5634,0.5488,0.5811,0.4511,0.4709,0.4906,0.6690,0.4475,0.5350,0.5782,0.5258,0.4653,0.6021,0.3900,0.3724,0.4573,0.4932,0.5049,0.5203,0.5024,0.5126,0.4880,0.4605,0.4685,0.4510,0.5419,0.5729,0.4967,0.4383
0,5,wa_t2_v1_iter0_cand5,367.77,0.4136,0.4590,0.3632,0.7119,0.5441,0.5969,0.4913,0.3644,0.4276,0.4623,0.5375,0.4332,0.6768,0.5400,0.3615,0.4349,0.5547,0.4528,0.4675,0.6101,0.4480,0.4871,0.4068,0.4223,0.4837,0.4894,0.5537,0.3739,0.4521,0.5301,0.5800,0.4007,0.5277,0.4973,0.4055,0.5130,0.4195,0.5588,0.5179,0.4705,0.5315,0.4362,0.4721,0.4683,0.3848,0.6422,0.4534,0.5360,0.5328,0.5111
0,6,wa_t2_v1_iter0_cand6,102.49,0.4922,0.6086,0.4398,0.5208,0.6610,0.4270,0.4579,0.3993,0.5143,0.5116,0.5040,0.4905,0.5603,0.4453,0.6621,0.5209,0.4825,0.4800,0.4664,0.5264,0.5348,0.4602,0.5608,0.4466,0.4274,0.4973,0.4486,0.5396,0.6371,0.3528,0.5856,0.4858,0.5723,0.4961,0.4990,0.5433,0.5697,0.5458,0.6431,0.6274,0.6352,0.4280,0.4577,0.3972,0.5628,0.4846,0.3682,0.4101,0.6099,0.3358
0,7,wa_t2_v1_iter0_cand7,393.60,0.6317,0.6219,0.4367,0.5077,0.4352,0.4978,0.3600,0.4581,0.4029,0.4668,0.4515,0.5380,0.5674,0.5146,0.5191,0.4761,0.4479,0.4065,0.5198,0.4919,0.4510,0.5032,0.5695,0.5811,0.4532,0.6433,0.5226,0.4777,0.5834,0.4415,0.5056,0.4481,0.4748,0.4626,0.3568,0.5235,0.4725,0.3834,0.4155,0.4779,0.5362,0.4016,0.5324,0.6110,0.4828,0.5034,0.6198,0.5542,0.5293,0.5575
0,8,wa_t2_v1_iter0_cand8,326.16,0.4217,0.6176,0.5171,0.4373,0.4807,0.5431,0.4750,0.3987,0.5373,0.4768,0.4778,0.5193,0.5852,0.4733,0.5832,0.5364,0.4633,0.4513,0.5726,0.4218,0.5494,0.5402,0.7365,0.4255,0.4032,0.3426,0.5537,0.7771,0.5513,0.4186,0.5391,0.4306,0.3549,0.3573,0.6026,0.4610,0.4964,0.5251,0.4451,0.4646,0.4870,0.5627,0.5835,0.6091,0.4179,0.5445,0.4533,0.5128,0.4626,0.4939
0,9,wa_t2_v1_iter0_cand9,240.42,0.4525,0.5624,0.5103,0.4762,0.4557,0.3930,0.4498,0.5168,0.3801,0.4721,0.4644,0.4976,0.5633,0.4893,0.4212,0.4475,0.5086,0.4999,0.5325,0.5895,0.5453,0.5691,0.6843,0.5413,0.4813,0.3777,0.4376,0.4626,0.5928,0.5314,0.3922,0.5223,0.4286,0.6742,0.6396,0.4859,0.5353,0.6396,0.4502,0.5518,0.3938,0.4936,0.5656,0.5700,0.5233,0.5233,0.5491,0.6047,0.3863,0.5023
0,10,wa_t2_v1_iter0_cand10,439.37,0.4771,0.4085,0.5377,0.4998,0.4591,0.4300,0.5145,0.5750,0.3929,0.4533,0.6757,0.5550,0.6343,0.4593,0.5211,0.5703,0.6134,0.5454,0.4817,0.3867,0.4017,0.5046,0.4589,0.5813,0.5873,0.4357,0.3959,0.5205,0.4004,0.5456,0.5487,0.4410,0.5512,0.4885,0.5447,0.5595,0.6076,0.4424,0.4318,0.4423,0.6388,0.3847,0.5533,0.4392,0.4721,0.4937,0.5420,0.5496,0.4251,0.5757
0,11,wa_t2_v1_iter0_cand11,333.73,0.5526,0.5481,0.4960,0.4660,0.5244,0.5737,0.4215,0.5304,0.4627,0.5170,0.4602,0.6229,0.4644,0.6361,0.4424,0.5394,0.4782,0.4730,0.5053,0.5513,0.5612,0.5669,0.6298,0.3872,0.4664,0.5353,0.6450,0.4097,0.5831,0.4871,0.4317,0.4681,0.4378,0.6594,0.5661,0.6362,0.4995,0.5194,0.4409,0.4803,0.5978,0.4755,0.7858,0.5324,0.5550,0.4333,0.4553,0.4735,0.5766,0.6446
0,12,wa_t2_v1_iter0_cand12,325.91,0.5005,0.4942,0.3959,0.6534,0.4136,0.4435,0.5241,0.4720,0.4704,0.5465,0.5681,0.5208,0.5254,0.5029,0.4420,0.4714,0.3963,0.4534,0.4671,0.4209,0.5285,0.5141,0.3399,0.4257,0.4675,0.4386,0.5766,0.4382,0.5532,0.7769,0.4517,0.4982,0.5289,0.4863,0.6173,0.5906,0.4157,0.4594,0.5197,0.5141,0.5627,0.4979,0.5938,0.5123,0.5803,0.5429,0.5275,0.4294,0.5427,0.4545
0,13,wa_t2_v1_iter0_cand13,324.14,0.4627,0.6033,0.4691,0.5071,0.4683,0.6489,0.6153,0.4327,0.6179,0.4736,0.4731,0.4919,0.4590,0.6319,0.3367,0.4733,0.5250,0.4542,0.5025,0.4125,0.4278,0.5782,0.5038,0.4268,0.5052,0.5399,0.5186,0.4489,0.4681,0.6007,0.5585,0.6436,0.5007,0.4837,0.4197,0.5598,0.4056,0.5257,0.5429,0.7077,0.5626,0.4653,0.5480,0.4367,0.4444,0.6185,0.5850,0.4387,0.4691,0.5691
1,0,wa_t2_v1_iter1_cand0,177.65,0.4842,0.6315,0.4699,0.4733,0.6213,0.3808,0.4803,0.6480,0.5573,0.4953,0.4983,0.4218,0.3785,0.5091,0.4294,0.4882,0.5948,0.4596,0.4080,0.5799,0.5378,0.5105,0.5015,0.4677,0.4868,0.5671,0.4596,0.5917,0.6480,0.4628,0.5398,0.4143,0.4921,0.5116,0.5173,0.5343,0.4734,0.5798,0.4498,0.5461,0.5039,0.5224,0.5519,0.5370,0.5274,0.4076,0.4577,0.4757,0.5086,0.4266
1,1,wa_t2_v1_iter1_cand1,388.54,0.4017,0.5395,0.5587,0.4319,0.4832,0.4854,0.4837,0.4332,0.6732,0.5784,0.4923,0.5415,0.5239,0.5020,0.4896,0.5082,0.5402,0.5192,0.5049,0.5306,0.5291,0.4688,0.7198,0.6340,0.4455,0.4280,0.4092,0.5868,0.4959,0.4582,0.8214,0.5237,0.5976,0.6203,0.4996,0.4238,0.4555,0.4926,0.5086,0.4826,0.6727,0.5376,0.4500,0.3879,0.6426,0.5433,0.4725,0.5092,0.4146,0.4804
1,2,wa_t2_v1_iter1_cand2,160.22,0.4423,0.5715,0.5692,0.4931,0.6360,0.5099,0.4866,0.3867,0.3924,0.4166,0.4733,0.4132,0.4875,0.4818,0.5816,0.4714,0.4396,0.4106,0.5957,0.4968,0.5046,0.3605,0.6279,0.5799,0.4291,0.4253,0.4915,0.7501,0.5258,0.3748,0.4648,0.4218,0.4463,0.4861,0.5911,0.4946,0.5577,0.5530,0.5123,0.5406,0.4344,0.3593,0.4385,0.4642,0.5537,0.5832,0.5635,0.5086,0.4939,0.5548
1,3,wa_t2_v1_iter1_cand3,321.31,0.4704,0.3740,0.4232,0.4607,0.5419,0.4862,0.4483,0.3904,0.4311,0.5325,0.5102,0.4895,0.4406,0.4060,0.6178,0.4437,0.4899,0.4859,0.4252,0.5559,0.6230,0.6711,0.4703,0.5376,0.4264,0.5236,0.4272,0.4149,0.6780,0.4071,0.4037,0.7005,0.4159,0.5529,0.5064,0.4710,0.4923,0.5790,0.4173,0.6958,0.6420,0.3924,0.6817,0.4699,0.5617,0.4905,0.5094,0.5578,0.4548,0.4481
1,4,wa_t2_v1_iter1_cand4,240.72,0.3773,0.5411,0.5358,0.5126,0.4470,0.4677,0.5551,0.7069,0.4267,0.5927,0.5124,0.6419,0.5244,0.5445,0.5671,0.4814,0.4773,0.4980,0.5604,0.5335,0.4867,0.4148,0.4841,0.4177,0.3340,0.3640,0.4034,0.4416,0.5860,0.4720,0.5088,0.5944,0.3841,0.4283,0.4574,0.5050,0.5346,0.4001,0.5838,0.5469,0.5353,0.4654,0.5287,0.4170,0.3730,0.4261,0.5146,0.3848,0.5285,0.3640
1,5,wa_t2_v1_iter1_cand5,325.28,0.4987,0.4946,0.3608,0.4703,0.6351,0.5632,0.6098,0.4772,0.5660,0.5606,0.7352,0.4801,0.4905,0.4620,0.4676,0.4898,0.3735,0.4303,0.4904,0.4613,0.5478,0.5180,0.4688,0.5974,0.3498,0.4227,0.4186,0.4201,0.6480,0.3990,0.5347,0.6036,0.5711,0.5377,0.4715,0.5280,0.5478,0.6357,0.5527,0.5974,0.5148,0.4298,0.5483,0.4042,0.5836,0.4955,0.5630,0.4681,0.5247,0.4560
1,6,wa_t2_v1_iter1_cand6,280.91,0.4838,0.5880,0.5888,0.5787,0.4605,0.4849,0.5333,0.3410,0.4694,0.4815,0.4847,0.4051,0.5629,0.5333,0.5362,0.5698,0.4415,0.4582,0.5127,0.5301,0.4720,0.5303,0.5393,0.6122,0.3963,0.5007,0.4197,0.4926,0.5427,0.4342,0.4787,0.5953,0.5953,0.5228,0.4761,0.4779,0.6267,0.5400,0.6215,0.5953,0.6027,0.5208,0.4335,0.4158,0.5818,0.5701,0.5540,0.5450,0.5404,0.4593
1,7,wa_t2_v1_iter1_cand7,328.37,0.6795,0.4796,0.3899,0.5276,0.5228,0.4822,0.3110,0.4464,0.5521,0.4594,0.4948,0.5058,0.5906,0.5140,0.4612,0.5351,0.5406,0.4455,0.5134,0.5224,0.5531,0.4061,0.6055,0.4385,0.5065,0.4758,0.3625,0.5295,0.5147,0.4895,0.5173,0.4535,0.4120,0.5486,0.4916,0.4448,0.5322,0.4258,0.4377,0.5422,0.5896,0.4792,0.5106,0.4258,0.6206,0.5184,0.5046,0.4558,0.4664,0.3901
1,8,wa_t2_v1_iter1_cand8,267.53,0.3768,0.4888,0.4349,0.3923,0.6620,0.5027,0.4878,0.5072,0.3997,0.4379,0.5238,0.4899,0.4531,0.5558,0.4992,0.4734,0.5170,0.5706,0.5786,0.5358,0.4731,0.5427,0.5701,0.6093,0.3916,0.4139,0.4848,0.5795,0.6403,0.4280,0.7306,0.5448,0.4751,0.4545,0.5245,0.5155,0.4861,0.5899,0.5181,0.5258,0.4548,0.4241,0.4636,0.5218,0.5308,0.4351,0.3608,0.5552,0.4838,0.4058
1,9,wa_t2_v1_iter1_cand9,326.64,0.5701,0.4200,0.4355,0.4633,0.5468,0.4181,0.5458,0.4130,0.5524,0.4349,0.4097,0.5343,0.4697,0.6015,0.6140,0.4179,0.7684,0.4798,0.6187,0.4985,0.5378,0.5587,0.6656,0.4712,0.3997,0.4545,0.5587,0.5135,0.4372,0.4625,0.5467,0.5514,0.5205,0.4936,0.4375,0.5190,0.4740,0.5231,0.5376,0.5080,0.4281,0.3695,0.4640,0.3869,0.5798,0.4697,0.4298,0.4914,0.6001,0.5951
1,10,wa_t2_v1_iter1_cand10,291.82,0.4109,0.5688,0.4950,0.6656,0.5954,0.5158,0.5775,0.5151,0.5280,0.5465,0.4734,0.5543,0.4584,0.4536,0.4727,0.5834,0.4968,0.5128,0.3596,0.4746,0.4519,0.5175,0.5371,0.4631,0.4480,0.4412,0.4209,0.5140,0.7994,0.3866,0.5201,0.4814,0.4895,0.6314,0.3745,0.6299,0.5582,0.5114,0.4941,0.5171,0.6058,0.5881,0.4672,0.4767,0.4610,0.4525,0.4164,0.5732,0.6138,0.4227
1,11,wa_t2_v1_iter1_cand11,174.42,0.4984,0.5856,0.4652,0.4904,0.5085,0.5640,0.3967,0.5761,0.4883,0.5012,0.4193,0.4594,0.5941,0.4982,0.6526,0.5008,0.3974,0.4174,0.3981,0.5483,0.5067,0.6330,0.5448,0.4455,0.3403,0.4338,0.4758,0.5368,0.6770,0.4996,0.4145,0.5831,0.5336,0.5971,0.5798,0.4515,0.4424,0.4878,0.6180,0.6451,0.5302,0.4631,0.4038,0.4151,0.5519,0.5210,0.3449,0.6517,0.5956,0.4223
1,12,wa_t2_v1_iter1_cand12,50.01,0.4720,0.4884,0.4605,0.3897,0.5810,0.4151,0.4450,0.5102,0.5453,0.4354,0.4525,0.5080,0.4787,0.4759,0.6832,0.4198,0.5202,0.4971,0.4783,0.3799,0.8316,0.5308,0.7770,0.4990,0.3664,0.3997,0.4236,0.5850,0.5083,0.5105,0.5580,0.4577,0.5549,0.7144,0.4967,0.7098,0.3805,0.5492,0.7504,0.5795,0.4745,0.5153,0.5646,0.3628,0.5154,0.5097,0.3509,0.5909,0.3832,0.5510
1,13,wa_t2_v1_iter1_cand13,266.57,0.4097,0.5786,0.4623,0.4258,0.6127,0.4112,0.4687,0.4235,0.4561,0.5152,0.4579,0.5223,0.4830,0.5658,0.5093,0.4731,0.5072,0.5605,0.5558,0.5031,0.4922,0.5227,0.5095,0.4520,0.5409,0.3999,0.4812,0.5549,0.5904,0.4739,0.5969,0.5354,0.5390,0.5191,0.4661,0.4927,0.6077,0.6896,0.4466,0.5782,0.4672,0.4650,0.4070,0.4443,0.4776,0.5526,0.5039,0.4274,0.3851,0.4330
2,0,wa_t2_v1_iter2_cand0,243.23,0.5100,0.5729,0.6087,0.4355,0.4201,0.5346,0.5473,0.4849,0.4827,0.4080,0.4405,0.4694,0.4996,0.5075,0.6414,0.4557,0.3480,0.4431,0.4821,0.6880,0.5588,0.4587,0.7067,0.6078,0.3625,0.5132,0.5224,0.5983,0.5335,0.4012,0.3898,0.4248,0.5351,0.6659,0.6612,0.7689,0.4521,0.3816,0.8809,0.6329,0.5077,0.4044,0.4494,0.3633,0.5538,0.4412,0.3995,0.7419,0.4251,0.4979
2,1,wa_t2_v1_iter2_cand1,-0.00,0.5157,0.5583,0.4809,0.4583,0.4461,0.3943,0.4905,0.6534,0.4518,0.4817,0.5787,0.4822,0.6254,0.4300,0.6975,0.4774,0.4757,0.4160,0.5814,0.4944,0.5764,0.3978,0.6702,0.4288,0.3150,0.4210,0.5415,0.5232,0.5470,0.4391,0.5219,0.4267,0.4686,0.6320,0.5203,0.6007,0.3519,0.5109,0.6817,0.5705,0.4999,0.4143,0.4753,0.5793,0.5523,0.5400,0.5144,0.5633,0.4939,0.6402
2,2,wa_t2_v1_iter2_cand2,319.18,0.4985,0.4658,0.4568,0.4744,0.5625,0.4247,0.5300,0.4678,0.4486,0.3315,0.4109,0.3727,0.4697,0.5768,0.6536,0.4696,0.4428,0.4683,0.5926,0.3955,0.6478,0.4442,0.5886,0.4309,0.4443,0.5985,0.4553,0.4377,0.5148,0.4804,0.3819,0.4490,0.4527,0.5939,0.6934,0.4038,0.4906,0.6734,0.6862,0.4018,0.4924,0.4305,0.4096,0.4150,0.3833,0.4758,0.4231,0.6957,0.5739,0.5427
2,3,wa_t2_v1_iter2_cand3,322.96,0.3823,0.6068,0.5183,0.3623,0.6724,0.3410,0.4306,0.5344,0.5943,0.5282,0.5377,0.4703,0.5194,0.6220,0.6327,0.4948,0.4426,0.4404,0.4807,0.4479,0.6028,0.4615,0.5518,0.5561,0.4103,0.4095,0.4807,0.6037,0.6552,0.5207,0.5018,0.4929,0.4792,0.7352,0.4990,0.5547,0.4295,0.5140,0.7843,0.5294,0.4435,0.4858,0.5154,0.4398,0.4801,0.5373,0.3313,0.5611,0.4709,0.4675
2,4,wa_t2_v1_iter2_cand4,171.67,0.4954,0.6513,0.4303,0.3950,0.5436,0.5703,0.4550,0.6296,0.3449,0.4897,0.3936,0.4243,0.3904,0.4734,0.5066,0.5722,0.5450,0.4937,0.4629,0.4734,0.5058,0.4494,0.7417,0.6118,0.3326,0.4304,0.5215,0.6635,0.5543,0.4786,0.4142,0.4783,0.5385,0.5913,0.5034,0.5647,0.4366,0.5129,0.7266,0.6019,0.5102,0.3335,0.5870,0.4281,0.4883,0.5115,0.3738,0.4183,0.4999,0.5800
2,5,wa_t2_v1_iter2_cand5,318.09,0.4922,0.5928,0.6855,0.4321,0.5218,0.4202,0.4513,0.5355,0.4288,0.5157,0.3272,0.4073,0.3629,0.4178,0.6601,0.4287,0.4795,0.4307,0.4689,0.5490,0.6651,0.4955,0.5868,0.6122,0.3768,0.4754,0.4168,0.6825,0.5858,0.5571,0.5594,0.4061,0.5335,0.6816,0.5098,0.5413,0.4045,0.6254,0.5721,0.7283,0.4254,0.4183,0.5346,0.3302,0.4923,0.5196,0.4098,0.4489,0.5586,0.3887
2,6,wa_t2_v1_iter2_cand6,303.88,0.5266,0.6423,0.4560,0.4275,0.4840,0.3547,0.4861,0.4695,0.4450,0.5850,0.4604,0.4066,0.4326,0.5129,0.5019,0.4638,0.5705,0.4750,0.4391,0.3941,0.5857,0.3961,0.6613,0.4657,0.3067,0.4063,0.4447,0.7319,0.6768,0.5417,0.4620,0.3745,0.4428,0.5309,0.5634,0.5698,0.5009,0.5030,0.5692,0.5670,0.5012,0.3755,0.5259,0.5150,0.5075,0.4792,0.4178,0.5729,0.4569,0.4635
2,7,wa_t2_v1_iter2_cand7,-0.00,0.5580,0.5632,0.4429,0.3999,0.5480,0.4961,0.5138,0.6099,0.4401,0.4233,0.5628,0.4554,0.5622,0.5238,0.7367,0.4936,0.3882,0.4479,0.5531,0.6366,0.6167,0.4756,0.6158,0.6741,0.3304,0.4486,0.4176,0.6865,0.5905,0.3593,0.4063,0.4819,0.5727,0.6023,0.4347,0.4608,0.3213,0.5322,0.6631,0.6426,0.4959,0.4728,0.5492,0.5114,0.5250,0.5218,0.4131,0.5485,0.4722,0.4162
2,8,wa_t2_v1_iter2_cand8,322.65,0.4638,0.5093,0.5845,0.3874,0.6816,0.4284,0.4138,0.6188,0.5140,0.5248,0.4987,0.4619,0.4911,0.4757,0.5830,0.4500,0.4268,0.4128,0.5231,0.5044,0.7650,0.5015,0.6503,0.4920,0.3513,0.4431,0.5404,0.6534,0.3850,0.4470,0.5928,0.6334,0.6116,0.6530,0.6004,0.7292,0.4544,0.5899,0.7232,0.5345,0.4983,0.4660,0.5667,0.4060,0.4295,0.4518,0.3713,0.7108,0.4536,0.4466
2,0,wa_t2_v1_iter2_cand0,1057.19,0.5100,0.5729,0.6087,0.4355,0.4201,0.5346,0.5473,0.4849,0.4827,0.4080,0.4405,0.4694,0.4996,0.5075,0.6414,0.4557,0.3480,0.4431,0.4821,0.6880,0.5588,0.4587,0.7067,0.6078,0.3625,0.5132,0.5224,0.5983,0.5335,0.4012,0.3898,0.4248,0.5351,0.6659,0.6612,0.7689,0.4521,0.3816,0.8809,0.6329,0.5077,0.4044,0.4494,0.3633,0.5538,0.4412,0.3995,0.7419,0.4251,0.4979
2,1,wa_t2_v1_iter2_cand1,1024.23,0.5157,0.5583,0.4809,0.4583,0.4461,0.3943,0.4905,0.6534,0.4518,0.4817,0.5787,0.4822,0.6254,0.4300,0.6975,0.4774,0.4757,0.4160,0.5814,0.4944,0.5764,0.3978,0.6702,0.4288,0.3150,0.4210,0.5415,0.5232,0.5470,0.4391,0.5219,0.4267,0.4686,0.6320,0.5203,0.6007,0.3519,0.5109,0.6817,0.5705,0.4999,0.4143,0.4753,0.5793,0.5523,0.5400,0.5144,0.5633,0.4939,0.6402
2,2,wa_t2_v1_iter2_cand2,1030.85,0.4985,0.4658,0.4568,0.4744,0.5625,0.4247,0.5300,0.4678,0.4486,0.3315,0.4109,0.3727,0.4697,0.5768,0.6536,0.4696,0.4428,0.4683,0.5926,0.3955,0.6478,0.4442,0.5886,0.4309,0.4443,0.5985,0.4553,0.4377,0.5148,0.4804,0.3819,0.4490,0.4527,0.5939,0.6934,0.4038,0.4906,0.6734,0.6862,0.4018,0.4924,0.4305,0.4096,0.4150,0.3833,0.4758,0.4231,0.6957,0.5739,0.5427
2,3,wa_t2_v1_iter2_cand3,1057.96,0.3823,0.6068,0.5183,0.3623,0.6724,0.3410,0.4306,0.5344,0.5943,0.5282,0.5377,0.4703,0.5194,0.6220,0.6327,0.4948,0.4426,0.4404,0.4807,0.4479,0.6028,0.4615,0.5518,0.5561,0.4103,0.4095,0.4807,0.6037,0.6552,0.5207,0.5018,0.4929,0.4792,0.7352,0.4990,0.5547,0.4295,0.5140,0.7843,0.5294,0.4435,0.4858,0.5154,0.4398,0.4801,0.5373,0.3313,0.5611,0.4709,0.4675
2,4,wa_t2_v1_iter2_cand4,1039.69,0.4954,0.6513,0.4303,0.3950,0.5436,0.5703,0.4550,0.6296,0.3449,0.4897,0.3936,0.4243,0.3904,0.4734,0.5066,0.5722,0.5450,0.4937,0.4629,0.4734,0.5058,0.4494,0.7417,0.6118,0.3326,0.4304,0.5215,0.6635,0.5543,0.4786,0.4142,0.4783,0.5385,0.5913,0.5034,0.5647,0.4366,0.5129,0.7266,0.6019,0.5102,0.3335,0.5870,0.4281,0.4883,0.5115,0.3738,0.4183,0.4999,0.5800
2,5,wa_t2_v1_iter2_cand5,1038.01,0.4922,0.5928,0.6855,0.4321,0.5218,0.4202,0.4513,0.5355,0.4288,0.5157,0.3272,0.4073,0.3629,0.4178,0.6601,0.4287,0.4795,0.4307,0.4689,0.5490,0.6651,0.4955,0.5868,0.6122,0.3768,0.4754,0.4168,0.6825,0.5858,0.5571,0.5594,0.4061,0.5335,0.6816,0.5098,0.5413,0.4045,0.6254,0.5721,0.7283,0.4254,0.4183,0.5346,0.3302,0.4923,0.5196,0.4098,0.4489,0.5586,0.3887
2,6,wa_t2_v1_iter2_cand6,1016.80,0.5266,0.6423,0.4560,0.4275,0.4840,0.3547,0.4861,0.4695,0.4450,0.5850,0.4604,0.4066,0.4326,0.5129,0.5019,0.4638,0.5705,0.4750,0.4391,0.3941,0.5857,0.3961,0.6613,0.4657,0.3067,0.4063,0.4447,0.7319,0.6768,0.5417,0.4620,0.3745,0.4428,0.5309,0.5634,0.5698,0.5009,0.5030,0.5692,0.5670,0.5012,0.3755,0.5259,0.5150,0.5075,0.4792,0.4178,0.5729,0.4569,0.4635
2,7,wa_t2_v1_iter2_cand7,1067.71,0.5580,0.5632,0.4429,0.3999,0.5480,0.4961,0.5138,0.6099,0.4401,0.4233,0.5628,0.4554,0.5622,0.5238,0.7367,0.4936,0.3882,0.4479,0.5531,0.6366,0.6167,0.4756,0.6158,0.6741,0.3304,0.4486,0.4176,0.6865,0.5905,0.3593,0.4063,0.4819,0.5727,0.6023,0.4347,0.4608,0.3213,0.5322,0.6631,0.6426,0.4959,0.4728,0.5492,0.5114,0.5250,0.5218,0.4131,0.5485,0.4722,0.4162
2,8,wa_t2_v1_iter2_cand8,1064.89,0.4638,0.5093,0.5845,0.3874,0.6816,0.4284,0.4138,0.6188,0.5140,0.5248,0.4987,0.4619,0.4911,0.4757,0.5830,0.4500,0.4268,0.4128,0.5231,0.5044,0.7650,0.5015,0.6503,0.4920,0.3513,0.4431,0.5404,0.6534,0.3850,0.4470,0.5928,0.6334,0.6116,0.6530,0.6004,0.7292,0.4544,0.5899,0.7232,0.5345,0.4983,0.4660,0.5667,0.4060,0.4295,0.4518,0.3713,0.7108,0.4536,0.4466
2,9,wa_t2_v1_iter2_cand9,284.22,0.4451,0.7792,0.5804,0.3276,0.4909,0.6999,0.4249,0.5489,0.4646,0.4049,0.5503,0.5438,0.4724,0.4427,0.5521,0.4892,0.6012,0.3493,0.5688,0.4878,0.5689,0.4857,0.7247,0.4805,0.4613,0.5872,0.3391,0.7054,0.5340,0.5250,0.5261,0.4309,0.3722,0.5874,0.5710,0.5692,0.3898,0.4353,0.6518,0.5937,0.4573,0.4951,0.5704,0.4752,0.4517,0.6332,0.4432,0.4619,0.5738,0.3638
2,10,wa_t2_v1_iter2_cand10,308.48,0.4198,0.6975,0.4839,0.4628,0.7136,0.4772,0.4592,0.5927,0.5963,0.5118,0.3277,0.5177,0.6252,0.4624,0.7394,0.4736,0.5253,0.4225,0.4505,0.5751,0.6955,0.4566,0.6618,0.4771,0.3791,0.4477,0.4471,0.6136,0.4841,0.4611,0.4866,0.4553,0.4518,0.5914,0.6529,0.5175,0.5187,0.6776,0.6769,0.5371,0.5701,0.3938,0.5324,0.3575,0.6128,0.5008,0.4380,0.4953,0.3946,0.4591
2,11,wa_t2_v1_iter2_cand11,325.11,0.4758,0.5996,0.5134,0.4881,0.4940,0.4539,0.5601,0.5843,0.4580,0.5006,0.4326,0.4892,0.5136,0.4469,0.5386,0.3880,0.5959,0.4406,0.5479,0.4311,0.6970,0.4666,0.5127,0.4627,0.3444,0.5707,0.2909,0.6585,0.5636,0.4957,0.5368,0.4376,0.4669,0.7400,0.4596,0.5875,0.5459,0.4230,0.6667,0.6336,0.4282,0.3460,0.4956,0.3724,0.5600,0.5078,0.3586,0.5043,0.4489,0.5994
2,12,wa_t2_v1_iter2_cand12,1000000.00,0.5267,0.6290,0.4970,0.3592,0.6131,0.4933,0.4697,0.4731,0.4953,0.3801,0.4475,0.4454,0.4267,0.4295,0.7316,0.4240,0.5650,0.5734,0.4889,0.5564,0.6897,0.5894,0.5428,0.4953,0.3579,0.4527,0.4627,0.6640,0.5426,0.4662,0.6369,0.5303,0.6484,0.5443,0.5680,0.5849,0.4169,0.5147,0.6448,0.4542,0.5371,0.4746,0.4535,0.3155,0.4088,0.7132,0.4184,0.5800,0.4751,0.5894
2,13,wa_t2_v1_iter2_cand13,388.39,0.5107,0.4383,0.5632,0.3829,0.5470,0.5688,0.4954,0.4690,0.5974,0.4459,0.5106,0.3715,0.5800,0.5440,0.6575,0.4857,0.4961,0.5169,0.5671,0.4079,0.5898,0.4796,0.5972,0.5280,0.4189,0.4015,0.4515,0.5621,0.5146,0.5958,0.5838,0.5044,0.4971,0.5414,0.4916,0.5932,0.5416,0.4702,0.6156,0.9182,0.4772,0.4942,0.4043,0.4742,0.4678,0.4735,0.3850,0.4722,0.3421,0.5663
3,0,wa_t2_v1_iter3_cand0,302.03,0.4537,0.5353,0.5519,0.3742,0.6408,0.5008,0.4771,0.4152,0.5959,0.4651,0.4179,0.4315,0.6794,0.5872,0.6836,0.5182,0.5157,0.3696,0.5320,0.4673,0.6374,0.5385,0.5083,0.4448,0.3592,0.6000,0.4625,0.6859,0.5645,0.5091,0.5291,0.4160,0.4981,0.6134,0.6567,0.6277,0.5207,0.4517,0.6990,0.7479,0.4547,0.5783,0.6249,0.4851,0.5480,0.5961,0.4117,0.4578,0.5187,0.3234
3,1,wa_t2_v1_iter3_cand1,346.27,0.4175,0.8449,0.5583,0.3337,0.4844,0.5454,0.4795,0.5716,0.4230,0.4411,0.4621,0.5373,0.4178,0.5147,0.5388,0.4744,0.4780,0.4607,0.5069,0.4766,0.5213,0.4640,0.6476,0.4725,0.3432,0.4587,0.3273,0.7752,0.6193,0.6212,0.4893,0.4139,0.3793,0.5887,0.7670,0.5184,0.4073,0.5358,0.5700,0.6499,0.5236,0.5144,0.5734,0.6092,0.5150,0.5122,0.3899,0.4049,0.4901,0.4434
3,2,wa_t2_v1_iter3_cand2,362.58,0.4875,0.5477,0.6284,0.3496,0.5685,0.5538,0.5638,0.4527,0.5195,0.3889,0.4899,0.5587,0.5077,0.4690,0.6840,0.5094,0.6180,0.3668,0.5876,0.5599,0.5490,0.4718,0.7180,0.5021,0.4005,0.5299,0.3935,0.6920,0.5995,0.3973,0.4388,0.4966,0.5487,0.5609,0.4294,0.5878,0.4481,0.6025,0.7156,0.5573,0.3942,0.3987,0.4157,0.3577,0.4179,0.5382,0.4945,0.5954,0.4604,0.4685
3,3,wa_t2_v1_iter3_cand3,484.27,0.4539,0.5675,0.5753,0.4004,0.4864,0.5919,0.4363,0.6026,0.4441,0.4408,0.3828,0.4759,0.5629,0.5818,0.6489,0.5435,0.5176,0.3900,0.5402,0.4658,0.6329,0.4674,0.8830,0.4712,0.4500,0.5942,0.3571,0.6309,0.4535,0.6270,0.4238,0.4162,0.4495,0.5365,0.5325,0.4953,0.4352,0.4395,0.6190,0.7299,0.4987,0.3285,0.4497,0.5131,0.5531,0.6330,0.4926,0.4734,0.4759,0.4459
3,4,wa_t2_v1_iter3_cand4,313.10,0.4801,0.7312,0.5142,0.4214,0.8010,0.4741,0.5596,0.4796,0.5074,0.4072,0.5663,0.4712,0.6031,0.4246,0.6229,0.4859,0.5637,0.4414,0.5352,0.3595,0.6957,0.5741,0.7633,0.5254,0.3840,0.3880,0.3149,0.5750,0.4933,0.5312,0.5895,0.4674,0.4380,0.6806,0.4261,0.6465,0.4236,0.3999,0.5557,0.5138,0.3475,0.5220,0.5609,0.3223,0.4708,0.4971,0.3999,0.3894,0.4979,0.4017
3,5,wa_t2_v1_iter3_cand5,346.66,0.3994,0.5716,0.5892,0.4740,0.5687,0.4616,0.5810,0.5641,0.5531,0.4091,0.5310,0.5020,0.6082,0.3442,0.5104,0.4206,0.5433,0.5721,0.5269,0.4534,0.5816,0.4746,0.5521,0.4237,0.3016,0.4929,0.3458,0.6578,0.5358,0.5553,0.5587,0.4041,0.4077,0.6401,0.5280,0.5241,0.3943,0.5039,0.6314,0.4498,0.7130,0.4082,0.4264,0.5091,0.5639,0.5323,0.4773,0.3997,0.4338,0.5412
3,6,wa_t2_v1_iter3_cand6,422.60,0.3980,0.7545,0.5163,0.3824,0.4253,0.5049,0.4040,0.5466,0.6360,0.4501,0.6337,0.5143,0.6359,0.4815,0.6791,0.3792,0.5117,0.5056,0.5425,0.4546,0.7158,0.4705,0.4830,0.5216,0.4019,0.4381,0.2813,0.5137,0.5515,0.5264,0.6874,0.4580,0.4216,0.5568,0.5400,0.6643,0.4285,0.5758,0.6383,0.5445,0.4069,0.3649,0.5017,0.4440,0.5528,0.5361,0.4683,0.3822,0.4498,0.5544
3,7,wa_t2_v1_iter3_cand7,412.07,0.5027,0.5867,0.4292,0.3983,0.5026,0.5108,0.4816,0.5288,0.5737,0.4248,0.5486,0.4735,0.5584,0.4775,0.5374,0.3930,0.4382,0.4495,0.4852,0.5085,0.6677,0.3824,0.7361,0.4377,0.3513,0.4813,0.3946,0.6345,0.5596,0.6236,0.4494,0.3933,0.3589,0.5747,0.6415,0.5610,0.4906,0.4290,0.5525,0.6641,0.3787,0.3894,0.4687,0.5299,0.5393,0.5583,0.4222,0.5164,0.4595,0.3919
3,8,wa_t2_v1_iter3_cand8,415.95,0.3823,0.6480,0.5965,0.4359,0.5692,0.4838,0.4351,0.5880,0.4370,0.4352,0.5176,0.4642,0.5150,0.4133,0.5208,0.5101,0.5943,0.4458,0.5416,0.5716,0.8476,0.4613,0.6480,0.4914,0.5718,0.5235,0.4403,0.8002,0.6023,0.4610,0.5792,0.3457,0.3448,0.5134,0.5722,0.5706,0.5581,0.5755,0.5018,0.5825,0.4739,0.4115,0.4809,0.4499,0.5117,0.4985,0.4393,0.5857,0.5191,0.5010
3,9,wa_t2_v1_iter3_cand9,368.56,0.4770,0.6180,0.5658,0.5003,0.5472,0.5563,0.3925,0.6901,0.5513,0.4775,0.4542,0.4962,0.6829,0.4352,0.5412,0.4293,0.5386,0.3880,0.5685,0.5218,0.7268,0.4507,0.5265,0.4817,0.4854,0.4144,0.4635,0.7509,0.5371,0.4755,0.5984,0.5361,0.3946,0.7153,0.4812,0.5014,0.5406,0.5406,0.6757,0.6136,0.5402,0.3628,0.5170,0.2971,0.6292,0.5599,0.5050,0.4539,0.4947,0.5815
3,10,wa_t2_v1_iter3_cand10,353.67,0.4480,0.5382,0.7377,0.3679,0.4483,0.5622,0.5668,0.4775,0.3819,0.4909,0.3684,0.4132,0.5142,0.3764,0.5063,0.3795,0.4442,0.3273,0.5364,0.4527,0.6801,0.4412,0.6749,0.4203,0.3575,0.5490,0.3389,0.6930,0.5485,0.5066,0.4568,0.3783,0.3899,0.6901,0.5460,0.4646,0.4078,0.5690,0.7543,0.6603,0.5844,0.3921,0.5227,0.3097,0.4694,0.5517,0.4277,0.4759,0.3817,0.3787
3,11,wa_t2_v1_iter3_cand11,436.30,0.4803,0.5721,0.4535,0.4645,0.4585,0.3997,0.3893,0.7776,0.5573,0.3451,0.4372,0.5406,0.6211,0.4036,0.7890,0.3684,0.5609,0.4540,0.5259,0.3943,0.6509,0.4439,0.6807,0.5059,0.3421,0.4971,0.4550,0.6849,0.4878,0.4534,0.5396,0.4150,0.4046,0.5029,0.5936,0.7401,0.6211,0.4360,0.6540,0.5862,0.5075,0.3301,0.5717,0.4600,0.5015,0.5383,0.4102,0.4577,0.4368,0.4613
3,12,wa_t2_v1_iter3_cand12,224.36,0.3432,0.6810,0.6455,0.4028,0.4396,0.5390,0.4385,0.5586,0.6419,0.4945,0.4744,0.5054,0.6421,0.4395,0.4944,0.4577,0.5463,0.3691,0.7588,0.5115,0.6013,0.4771,0.5506,0.4608,0.3672,0.5662,0.3299,0.4611,0.4582,0.3637,0.5730,0.3935,0.4347,0.5853,0.6380,0.5432,0.5790,0.5200,0.7103,0.6497,0.4416,0.4455,0.5669,0.4373,0.5452,0.5845,0.4691,0.4314,0.3973,0.4475
3,13,wa_t2_v1_iter3_cand13,348.04,0.3484,0.6917,0.5894,0.3804,0.5669,0.5306,0.5914,0.5230,0.4110,0.4179,0.4289,0.3864,0.5595,0.4544,0.5860,0.5008,0.4959,0.4335,0.5602,0.4496,0.6952,0.5145,0.6581,0.3494,0.3674,0.5004,0.3141,0.6766,0.4893,0.4705,0.5437,0.3981,0.3493,0.5628,0.6151,0.5897,0.4354,0.4050,0.8418,0.5515,0.4655,0.4543,0.4606,0.4689,0.5983,0.4972,0.4653,0.7243,0.4482,0.5249
4,0,wa_t2_v1_iter4_cand0,1000000.00,0.4015,0.7220,0.5456,0.3632,0.6219,0.4797,0.5401,0.4787,0.6165,0.4250,0.4087,0.5603,0.5986,0.4607,0.5985,0.4819,0.5486,0.4141,0.5804,0.4080,0.6745,0.6240,0.6422,0.3861,0.4731,0.4875,0.2966,0.6251,0.4967,0.4686,0.5563,0.4136,0.3767,0.5829,0.5429,0.6536,0.5398,0.4646,0.7753,0.6417,0.3925,0.5439,0.7229,0.5108,0.5205,0.5438,0.4091,0.3760,0.3612,0.4950
4,1,wa_t2_v1_iter4_cand1,352.28,0.3777,0.6138,0.6156,0.4922,0.4852,0.5442,0.4863,0.4645,0.7646,0.5094,0.5292,0.4156,0.8213,0.4432,0.6287,0.6490,0.6945,0.4193,0.6262,0.4883,0.5142,0.4897,0.6711,0.3969,0.3805,0.5284,0.3649,0.4385,0.4810,0.3377,0.5065,0.3980,0.3676,0.6385,0.5227,0.4941,0.5161,0.5322,0.8542,0.4867,0.5464,0.4684,0.5502,0.3476,0.4478,0.4863,0.4505,0.4187,0.5407,0.3281
