ST,year,mean,rel_lo,rel_hi,ndraw
AL,2025,34.731,1.0,1.0,24
AL,2030,55.026,1.0,1.0,24
AL,2035,68.12,1.0,1.0,24
AL,2040,78.173,1.0,1.0,24
AL,2045,88.709,1.0,1.0,24
AL,2050,98.873,1.0,1.0,24
AL,2055,108.449,1.0,1.0,24
AL,2060,117.564,1.0,1.0,24
AL,2065,126.711,1.0,1.0,24
AL,2070,135.107,1.0,1.0,24
AL,2075,142.924,1.0,1.0,24
AL,2080,150.214,1.0,1.0,24
AL,2085,156.825,1.0,1.0,24
AL,2090,162.712,1.0,1.0,24
AL,2095,167.612,1.0,1.0,24
AL,2100,171.798,1.0,1.0,24
AL,2105,175.466,1.0,1.0,24
AL,2110,178.905,1.0,1.0,24
AL,2115,181.772,1.0,1.0,24
AL,2120,184.235,1.0,1.0,24
AL,2125,186.458,1.0,1.0,24
CA,2025,16.547,1.0,1.0,24
CA,2030,38.467,0.9902,1.0161,24
CA,2035,45.885,0.9798,1.031,24
CA,2040,53.491,0.9747,1.0399,24
CA,2045,61.88,0.9711,1.0457,24
CA,2050,70.071,0.9661,1.0467,24
CA,2055,78.122,0.9654,1.0504,24
CA,2060,86.459,0.9622,1.0523,24
CA,2065,94.729,0.9602,1.0509,24
CA,2070,102.894,0.9583,1.0486,24
CA,2075,110.645,0.962,1.0449,24
CA,2080,117.995,0.9636,1.0472,24
CA,2085,125.415,0.9623,1.047,24
CA,2090,132.39,0.9644,1.0486,24
CA,2095,139.558,0.9633,1.0473,24
CA,2100,146.353,0.9659,1.0476,24
CA,2105,153.148,0.9661,1.0453,24
CA,2110,159.456,0.9683,1.0441,24
CA,2115,165.599,0.9684,1.0433,24
CA,2120,171.464,0.9673,1.0407,24
CA,2125,176.922,0.9689,1.0398,24
GA,2025,31.358,1.0,1.0,30
GA,2030,52.38,1.0,1.0,30
GA,2035,66.539,1.0,1.0,30
GA,2040,77.507,1.0,1.0,30
GA,2045,88.579,1.0,1.0,30
GA,2050,98.999,1.0,1.0,30
GA,2055,108.391,1.0,1.0,30
GA,2060,117.517,1.0,1.0,30
GA,2065,126.49,1.0,1.0,30
GA,2070,134.547,1.0,1.0,30
GA,2075,141.957,1.0,1.0,30
GA,2080,148.477,1.0,1.0,30
GA,2085,154.148,1.0,1.0,30
GA,2090,159.265,1.0,1.0,30
GA,2095,163.753,1.0,1.0,30
GA,2100,167.8,1.0,1.0,30
GA,2105,171.319,1.0,1.0,30
GA,2110,174.627,1.0,1.0,30
GA,2115,177.885,1.0,1.0,30
GA,2120,180.813,1.0,1.0,30
GA,2125,183.499,1.0,1.0,30
ID,2025,7.26,1.0,1.0,30
ID,2030,19.096,0.9795,1.032,30
ID,2035,22.464,0.9647,1.0484,30
ID,2040,25.281,0.9536,1.059,30
ID,2045,27.633,0.9454,1.067,30
ID,2050,29.597,0.939,1.0741,30
ID,2055,31.217,0.9338,1.0809,30
ID,2060,32.629,0.9287,1.0869,30
ID,2065,33.848,0.9255,1.0928,30
ID,2070,34.943,0.9233,1.0991,30
ID,2075,36.014,0.9213,1.1033,30
ID,2080,37.013,0.9194,1.1052,30
ID,2085,37.989,0.9168,1.1055,30
ID,2090,38.877,0.9143,1.1061,30
ID,2095,39.68,0.913,1.108,30
ID,2100,40.407,0.912,1.1101,30
ID,2105,41.159,0.9107,1.1113,30
ID,2110,41.895,0.9093,1.1116,30
ID,2115,42.619,0.9081,1.1118,30
ID,2120,43.295,0.9067,1.1134,30
ID,2125,43.955,0.9052,1.1158,30
IN,2025,21.607,1.0,1.0,30
IN,2030,36.725,1.0,1.0,30
IN,2035,44.269,1.0,1.0,30
IN,2040,50.255,1.0,1.0,30
IN,2045,55.895,1.0,1.0,30
IN,2050,61.082,1.0,1.0,30
IN,2055,66.245,1.0,1.0,30
IN,2060,71.441,1.0,1.0,30
IN,2065,76.394,1.0,1.0,30
IN,2070,81.643,1.0,1.0,30
IN,2075,86.432,1.0,1.0,30
IN,2080,90.778,1.0,1.0,30
IN,2085,94.839,1.0,1.0,30
IN,2090,98.199,1.0,1.0,30
IN,2095,101.071,1.0,1.0,30
IN,2100,103.941,1.0,1.0,30
IN,2105,106.463,1.0,1.0,30
IN,2110,108.954,1.0,1.0,30
IN,2115,111.236,1.0,1.0,30
IN,2120,113.235,1.0,1.0,30
IN,2125,115.233,1.0,1.0,30
KY,2025,27.798,1.0,1.0,24
KY,2030,46.841,1.0,1.0,24
KY,2035,60.484,1.0,1.0,24
KY,2040,71.906,1.0,1.0,24
KY,2045,82.843,1.0,1.0,24
KY,2050,93.554,1.0,1.0,24
KY,2055,104.389,1.0,1.0,24
KY,2060,114.563,1.0,1.0,24
KY,2065,124.677,1.0,1.0,24
KY,2070,134.144,1.0,1.0,24
KY,2075,143.019,1.0,1.0,24
KY,2080,150.779,1.0,1.0,24
KY,2085,157.89,1.0,1.0,24
KY,2090,164.233,1.0,1.0,24
KY,2095,169.406,1.0,1.0,24
KY,2100,173.915,1.0,1.0,24
KY,2105,178.131,1.0,1.0,24
KY,2110,181.897,1.0,1.0,24
KY,2115,185.564,1.0,1.0,24
KY,2120,188.65,1.0,1.0,24
KY,2125,191.238,1.0,1.0,24
MD,2025,27.649,1.0,1.0,24
MD,2030,50.105,0.9917,1.0122,24
MD,2035,61.779,0.9842,1.0165,24
MD,2040,72.044,0.9819,1.0212,24
MD,2045,81.488,0.9798,1.0222,24
MD,2050,89.889,0.9795,1.0204,24
MD,2055,96.958,0.9841,1.0172,24
MD,2060,102.865,0.9875,1.0151,24
MD,2065,108.14,0.9881,1.0117,24
MD,2070,112.668,0.9893,1.0099,24
MD,2075,116.781,0.9899,1.0086,24
MD,2080,120.452,0.9904,1.0081,24
MD,2085,123.797,0.9904,1.0082,24
MD,2090,126.963,0.9904,1.0089,24
MD,2095,129.947,0.9903,1.0097,24
MD,2100,132.855,0.9895,1.0102,24
MD,2105,135.667,0.9881,1.0103,24
MD,2110,138.39,0.9868,1.0101,24
MD,2115,140.972,0.9856,1.01,24
MD,2120,143.411,0.985,1.0102,24
MD,2125,145.775,0.9843,1.0105,24
ME,2025,58.957,1.0,1.0,30
ME,2030,86.663,0.9946,1.009,30
ME,2035,105.239,0.9905,1.0183,30
ME,2040,122.404,0.9871,1.0205,30
ME,2045,138.541,0.9854,1.0247,30
ME,2050,153.636,0.9845,1.0254,30
ME,2055,167.782,0.9816,1.0265,30
ME,2060,180.65,0.9798,1.0259,30
ME,2065,192.842,0.9785,1.0217,30
ME,2070,203.919,0.9804,1.014,30
ME,2075,213.295,0.9852,1.0088,30
ME,2080,220.862,0.9901,1.0064,30
ME,2085,227.193,0.9921,1.0066,30
ME,2090,233.136,0.9919,1.0073,30
ME,2095,238.848,0.9901,1.0083,30
ME,2100,244.361,0.9883,1.0093,30
ME,2105,249.69,0.9862,1.0106,30
ME,2110,254.815,0.9841,1.0136,30
ME,2115,259.697,0.9822,1.0166,30
ME,2120,264.483,0.9804,1.0195,30
ME,2125,269.219,0.9783,1.0221,30
MI,2025,29.768,1.0,1.0,24
MI,2030,46.911,1.0,1.0,24
MI,2035,54.286,1.0,1.0,24
MI,2040,60.569,1.0,1.0,24
MI,2045,66.811,1.0,1.0,24
MI,2050,72.586,1.0,1.0,24
MI,2055,78.284,1.0,1.0,24
MI,2060,84.104,1.0,1.0,24
MI,2065,89.823,1.0,1.0,24
MI,2070,95.147,1.0,1.0,24
MI,2075,100.264,1.0,1.0,24
MI,2080,105.273,1.0,1.0,24
MI,2085,109.897,1.0,1.0,24
MI,2090,114.249,1.0,1.0,24
MI,2095,118.192,1.0,1.0,24
MI,2100,121.804,1.0,1.0,24
MI,2105,125.21,1.0,1.0,24
MI,2110,128.599,1.0,1.0,24
MI,2115,131.762,1.0,1.0,24
MI,2120,134.617,1.0,1.0,24
MI,2125,137.351,1.0,1.0,24
MN,2025,32.552,1.0,1.0,30
MN,2030,57.022,1.0,1.0,30
MN,2035,68.069,1.0,1.0,30
MN,2040,76.184,1.0,1.0,30
MN,2045,84.244,1.0,1.0,30
MN,2050,92.479,1.0,1.0,30
MN,2055,100.187,1.0,1.0,30
MN,2060,107.78,1.0,1.0,30
MN,2065,114.413,1.0,1.0,30
MN,2070,120.594,1.0,1.0,30
MN,2075,125.907,1.0,1.0,30
MN,2080,131.165,1.0,1.0,30
MN,2085,135.751,1.0,1.0,30
MN,2090,139.629,1.0,1.0,30
MN,2095,143.181,1.0,1.0,30
MN,2100,146.428,1.0,1.0,30
MN,2105,149.414,1.0,1.0,30
MN,2110,152.094,1.0,1.0,30
MN,2115,154.868,1.0,1.0,30
MN,2120,157.086,1.0,1.0,30
MN,2125,159.358,1.0,1.0,30
NC,2025,39.132,1.0,1.0,24
NC,2030,59.194,1.0,1.0,24
NC,2035,72.909,1.0,1.0,24
NC,2040,84.013,1.0,1.0,24
NC,2045,95.313,1.0,1.0,24
NC,2050,106.143,1.0,1.0,24
NC,2055,115.994,1.0,1.0,24
NC,2060,125.488,1.0,1.0,24
NC,2065,134.362,1.0,1.0,24
NC,2070,142.591,1.0,1.0,24
NC,2075,149.731,1.0,1.0,24
NC,2080,156.037,1.0,1.0,24
NC,2085,161.596,1.0,1.0,24
NC,2090,166.588,1.0,1.0,24
NC,2095,170.617,1.0,1.0,24
NC,2100,174.39,1.0,1.0,24
NC,2105,177.859,1.0,1.0,24
NC,2110,180.913,1.0,1.0,24
NC,2115,183.842,1.0,1.0,24
NC,2120,186.576,1.0,1.0,24
NC,2125,189.017,1.0,1.0,24
NY,2025,24.742,1.0,1.0,24
NY,2030,43.898,0.9949,1.0085,24
NY,2035,53.957,0.9901,1.014,24
NY,2040,63.012,0.9894,1.0153,24
NY,2045,71.346,0.9873,1.0168,24
NY,2050,78.891,0.9866,1.0177,24
NY,2055,86.084,0.9865,1.0186,24
NY,2060,92.738,0.9868,1.0181,24
NY,2065,98.906,0.9876,1.0144,24
NY,2070,104.476,0.989,1.0092,24
NY,2075,109.426,0.9913,1.0057,24
NY,2080,113.738,0.9929,1.0035,24
NY,2085,117.566,0.9941,1.0029,24
NY,2090,121.115,0.9938,1.0029,24
NY,2095,124.54,0.9934,1.0026,24
NY,2100,127.857,0.9924,1.0022,24
NY,2105,131.018,0.9923,1.0025,24
NY,2110,134.085,0.992,1.0031,24
NY,2115,137.016,0.9918,1.0038,24
NY,2120,139.84,0.9917,1.0043,24
NY,2125,142.541,0.9913,1.0048,24
OH,2025,26.796,1.0,1.0,24
OH,2030,46.427,0.9935,1.0111,24
OH,2035,56.893,0.9906,1.0193,24
OH,2040,66.241,0.9885,1.0233,24
OH,2045,74.822,0.9863,1.0274,24
OH,2050,82.92,0.9834,1.0298,24
OH,2055,90.437,0.9841,1.0243,24
OH,2060,96.896,0.9838,1.0207,24
OH,2065,102.64,0.9849,1.0169,24
OH,2070,107.667,0.9862,1.015,24
OH,2075,112.17,0.9871,1.0132,24
OH,2080,116.331,0.9888,1.0119,24
OH,2085,120.1,0.9907,1.0104,24
OH,2090,123.571,0.992,1.0098,24
OH,2095,126.767,0.9922,1.0107,24
OH,2100,129.805,0.9922,1.0112,24
OH,2105,132.697,0.992,1.0115,24
OH,2110,135.443,0.9914,1.0117,24
OH,2115,138.07,0.9908,1.012,24
OH,2120,140.588,0.9902,1.0123,24
OH,2125,142.964,0.9898,1.0129,24
OR,2025,11.898,1.0,1.0,30
OR,2030,25.311,0.9805,1.0131,30
OR,2035,31.589,0.9671,1.0186,30
OR,2040,37.618,0.9609,1.0221,30
OR,2045,43.962,0.9562,1.0231,30
OR,2050,50.019,0.9552,1.0304,30
OR,2055,56.174,0.9554,1.0295,30
OR,2060,61.911,0.96,1.0329,30
OR,2065,67.557,0.9606,1.0301,30
OR,2070,72.744,0.9635,1.0262,30
OR,2075,77.523,0.9684,1.0209,30
OR,2080,81.659,0.9727,1.0183,30
OR,2085,85.244,0.9758,1.0183,30
OR,2090,88.533,0.9781,1.018,30
OR,2095,91.509,0.9805,1.0183,30
OR,2100,94.369,0.9805,1.0172,30
OR,2105,96.988,0.9812,1.0171,30
OR,2110,99.503,0.9805,1.0167,30
OR,2115,101.804,0.9812,1.016,30
OR,2120,103.891,0.9813,1.0152,30
OR,2125,105.797,0.9807,1.0144,30
PA,2025,21.511,1.0,1.0,24
PA,2030,37.792,0.9953,1.0071,24
PA,2035,45.456,0.9927,1.0108,24
PA,2040,52.29,0.9904,1.0155,24
PA,2045,58.677,0.989,1.0166,24
PA,2050,64.417,0.9881,1.0167,24
PA,2055,69.846,0.9886,1.0173,24
PA,2060,75.016,0.99,1.0149,24
PA,2065,79.829,0.9891,1.0092,24
PA,2070,83.774,0.9917,1.0065,24
PA,2075,87.273,0.9939,1.0044,24
PA,2080,90.406,0.9947,1.0045,24
PA,2085,93.383,0.9941,1.0052,24
PA,2090,96.243,0.993,1.0062,24
PA,2095,98.995,0.9926,1.0065,24
PA,2100,101.636,0.9916,1.0071,24
PA,2105,104.115,0.9907,1.0082,24
PA,2110,106.454,0.9901,1.0093,24
PA,2115,108.706,0.9898,1.0102,24
PA,2120,110.897,0.9891,1.011,24
PA,2125,113.014,0.9884,1.0113,24
TN,2025,33.543,1.0,1.0,24
TN,2030,51.483,1.0,1.0,24
TN,2035,62.848,1.0,1.0,24
TN,2040,72.681,1.0,1.0,24
TN,2045,83.119,1.0,1.0,24
TN,2050,93.523,1.0,1.0,24
TN,2055,103.689,1.0,1.0,24
TN,2060,113.189,1.0,1.0,24
TN,2065,121.661,1.0,1.0,24
TN,2070,130.232,1.0,1.0,24
TN,2075,137.759,1.0,1.0,24
TN,2080,144.615,1.0,1.0,24
TN,2085,151.013,1.0,1.0,24
TN,2090,156.61,1.0,1.0,24
TN,2095,161.547,1.0,1.0,24
TN,2100,166.06,1.0,1.0,24
TN,2105,170.097,1.0,1.0,24
TN,2110,173.7,1.0,1.0,24
TN,2115,177.168,1.0,1.0,24
TN,2120,180.253,1.0,1.0,24
TN,2125,183.315,1.0,1.0,24
VA,2025,30.401,1.0,1.0,24
VA,2030,49.349,1.0,1.0,24
VA,2035,62.031,1.0,1.0,24
VA,2040,72.267,1.0,1.0,24
VA,2045,82.635,1.0,1.0,24
VA,2050,92.553,1.0,1.0,24
VA,2055,101.545,1.0,1.0,24
VA,2060,110.105,1.0,1.0,24
VA,2065,117.938,1.0,1.0,24
VA,2070,125.443,1.0,1.0,24
VA,2075,132.323,1.0,1.0,24
VA,2080,138.641,1.0,1.0,24
VA,2085,144.402,1.0,1.0,24
VA,2090,149.691,1.0,1.0,24
VA,2095,154.546,1.0,1.0,24
VA,2100,159.131,1.0,1.0,24
VA,2105,163.154,1.0,1.0,24
VA,2110,167.277,1.0,1.0,24
VA,2115,170.926,1.0,1.0,24
VA,2120,174.168,1.0,1.0,24
VA,2125,177.025,1.0,1.0,24
WA,2025,12.552,1.0,1.0,30
WA,2030,23.429,0.9843,1.0153,30
WA,2035,27.659,0.9696,1.0176,30
WA,2040,31.625,0.9684,1.0257,30
WA,2045,36.052,0.9566,1.0269,30
WA,2050,40.468,0.9547,1.0304,30
WA,2055,44.837,0.9511,1.0286,30
WA,2060,48.978,0.9497,1.0291,30
WA,2065,53.033,0.9479,1.0278,30
WA,2070,56.826,0.9493,1.0322,30
WA,2075,60.579,0.9468,1.0282,30
WA,2080,64.006,0.9489,1.0284,30
WA,2085,67.094,0.9535,1.0248,30
WA,2090,69.597,0.9623,1.0271,30
WA,2095,71.946,0.9683,1.0269,30
WA,2100,73.942,0.973,1.0249,30
WA,2105,75.557,0.9757,1.0224,30
WA,2110,76.857,0.9783,1.0196,30
WA,2115,77.886,0.9815,1.0197,30
WA,2120,78.77,0.9821,1.0203,30
WA,2125,79.55,0.9796,1.022,30
WI,2025,28.229,1.0,1.0,24
WI,2030,43.578,1.0,1.0,24
WI,2035,50.39,1.0,1.0,24
WI,2040,55.733,1.0,1.0,24
WI,2045,61.054,1.0,1.0,24
WI,2050,66.453,1.0,1.0,24
WI,2055,71.555,1.0,1.0,24
WI,2060,76.09,1.0,1.0,24
WI,2065,80.709,1.0,1.0,24
WI,2070,85.201,1.0,1.0,24
WI,2075,89.39,1.0,1.0,24
WI,2080,93.186,1.0,1.0,24
WI,2085,96.747,1.0,1.0,24
WI,2090,99.898,1.0,1.0,24
WI,2095,102.934,1.0,1.0,24
WI,2100,105.72,1.0,1.0,24
WI,2105,107.977,1.0,1.0,24
WI,2110,110.327,1.0,1.0,24
WI,2115,112.385,1.0,1.0,24
WI,2120,114.301,1.0,1.0,24
WI,2125,116.094,1.0,1.0,24
